{
  "train_loss": [
    0.47331179582183486,
    0.4369335000075501,
    0.4153081140109337,
    0.397553814150962,
    0.3840663206473067,
    0.3735959524532074,
    0.3588430013728304
  ],
  "val_loss": [
    0.4436624873404806,
    0.4417273385132104,
    0.44582163390352353,
    0.4535763633741845,
    0.4573586663226146,
    0.46581377217799175,
    0.47689844692383204
  ],
  "lr": [
    0.001,
    0.001,
    0.001,
    0.001,
    0.001,
    0.0005,
    0.0005
  ]
}