{
    "train_loss": [
        0.46974652792346383,
        0.4307553516295363,
        0.4073103878548705,
        0.39063243921593543,
        0.3789048420317168,
        0.3694938497164477,
        0.3529848834841401
    ],
    "val_loss": [
        0.4578490656933171,
        0.4485475234020436,
        0.4541330431967192,
        0.4697850039810389,
        0.47496918735437893,
        0.47146082081856033,
        0.4834299601240705
    ]
}