{
  "train_loss": [
    0.47867632342993066,
    0.44887999045283006,
    0.43428210271715184,
    0.42239790592212323,
    0.41310596032112007,
    0.40506362609517393,
    0.39185119540477803
  ],
  "val_loss": [
    0.455370480700231,
    0.45178161815918916,
    0.45358146851033254,
    0.4535585501940318,
    0.4571198586290465,
    0.4662324641306292,
    0.47101933395741485
  ],
  "lr": [
    0.001,
    0.001,
    0.001,
    0.001,
    0.001,
    0.0005,
    0.0005
  ]
}