{
  "train_loss": [
    0.48216225114317984,
    0.44970941117603724,
    0.4308115740936199,
    0.41348382824769964,
    0.39759927052608307,
    0.38520519890098553,
    0.3744216011218902,
    0.3576826847435575
  ],
  "val_loss": [
    0.46265777856121026,
    0.450293082907791,
    0.4465551279927572,
    0.46022650106660656,
    0.455135385893811,
    0.47117358433124423,
    0.470466812338103,
    0.4793099080791402
  ],
  "lr": [
    0.001,
    0.001,
    0.001,
    0.001,
    0.001,
    0.001,
    0.0005,
    0.0005
  ]
}